大分類,子分類,細項分類,項目,備註,狀態
芊芊衣服,07/05 搭機移動日,,無鋼圈內衣,x1,
芊芊衣服,07/05 搭機移動日,,內褲,x1,
芊芊衣服,07/05 搭機移動日,,薄襪,x1,
芊芊衣服,07/05 搭機移動日,,短袖,x1,
芊芊衣服,07/05 搭機移動日,,薄襯衫,x1,
芊芊衣服,07/05 搭機移動日,,運動鞋,,
芊芊衣服,07/05 搭機移動日,,一般薄褲,x1,
芊芊衣服,07/05 搭機移動日,,紫色薄外套,x1 / 隨身包裡,
芊芊衣服,07/05 搭機移動日,,涼鞋,背著,
芊芊衣服,07/06–07/20,內衣褲,無鋼圈內衣,x1,
芊芊衣服,07/06–07/20,內衣褲,內衣,x4,
芊芊衣服,07/06–07/20,內衣褲,內褲,x5,
芊芊衣服,07/06–07/20,襪子,薄襪,x4,
芊芊衣服,07/06–07/20,襪子,登山羊毛襪,x2,
芊芊衣服,07/06–07/20,上衣,登山短袖,x1,
芊芊衣服,07/06–07/20,上衣,一般短袖,x3,
芊芊衣服,07/06–07/20,上衣,薄長袖(登山),x3,
芊芊衣服,07/06–07/20,褲子,一般薄褲,x1,
芊芊衣服,07/06–07/20,褲子,薄登山褲,x2,
芊芊衣服,07/06–07/20,褲子,厚登山褲,x2,
芊芊衣服,07/06–07/20,褲子,短褲,x1,
芊芊衣服,睡衣,,休閒短袖上衣,,
芊芊衣服,睡衣,,睡褲-長,,
芊芊衣服,睡衣,,睡褲-短,,
芊芊衣服,保暖衣服,,長排汗衣褲,,
芊芊衣服,保暖衣服,,Extra warm 發熱衣,,
芊芊衣服,保暖衣服,,薄發熱衣,,
芊芊衣服,保暖衣服,,Extra warm 發熱褲,,
芊芊衣服,外套,,輕羽絨外套,,
芊芊衣服,外套,,Gortex 外套,,
芊芊衣服,外套,,薄防曬外套,,
芊芊衣服,配件,,輕便帽,,
芊芊衣服,配件,,遮陽帽,,
芊芊衣服,配件,,保暖帽,,
芊芊衣服,配件,,脖圍,,
芊芊衣服,配件,,保暖手套,,
小可衣服,8/10 搭機移動日,,內褲,x1,
小可衣服,8/10 搭機移動日,,短袖,x1,
小可衣服,8/10 搭機移動日,,長褲,x1,
小可衣服,8/10 搭機移動日,,襪子,x1,
小可衣服,08/11–08/24 英國,,內褲,x4,
小可衣服,08/11–08/24 英國,,短袖睡衣褲,,
小可衣服,08/11–08/24 英國,上半身,一般短袖,x2,
小可衣服,08/11–08/24 英國,上半身,快乾短袖,x2,
小可衣服,08/11–08/24 英國,上半身,薄長袖,x2,
小可衣服,08/11–08/24 英國,上半身,快乾長袖,x1,
小可衣服,08/11–08/24 英國,上半身,排汗衣褲,,
小可衣服,08/11–08/24 英國,下半身,快乾長褲,x1,
小可衣服,08/11–08/24 英國,下半身,短褲,x3,
小可衣服,08/11–08/24 英國,下半身,短襪,x4,
小可衣服,08/11–08/24 英國,下半身,登山襪,x1,
小可衣服,外套,,Gortex 外套,,
小可衣服,外套,,羽絨外套,,
小可衣服,外套,,保暖帽,,
小可衣服,外套,,保暖手套,,
小可衣服,配件,,遮陽帽,,
小可衣服,配件,,輕便帽,,
小兔衣服,07/05 搭機移動日,,運動涼鞋,,
小兔衣服,07/05 搭機移動日,,內褲,x1,
小兔衣服,07/05 搭機移動日,,短袖,x1,
小兔衣服,07/05 搭機移動日,,襪子,x1,
小兔衣服,07/05 搭機移動日,,長褲,x1,
小兔衣服,07/05 搭機移動日,,薄外套(花花那件),x1 / 隨身包裡,
小兔衣服,07/05 搭機移動日,備用衣褲包,薄長袖,x1,
小兔衣服,07/05 搭機移動日,備用衣褲包,短袖,x1,
小兔衣服,07/05 搭機移動日,備用衣褲包,長褲,x1,
小兔衣服,07/05 搭機移動日,備用衣褲包,內褲,x2,
小兔衣服,07/05 搭機移動日,備用衣褲包,襪子,x1,
小兔衣服,07/05 搭機移動日,備用衣褲包,保暖輕外套,Mont-bell,
小兔衣服,07/06–07/20,,內褲,x5,
小兔衣服,07/06–07/20,,薄襪,x5,
小兔衣服,07/06–07/20,,羊毛襪,x2,
小兔衣服,07/06–07/20,,短袖睡衣 → 舒適上衣,,
小兔衣服,07/06–07/20,,短袖睡褲 → 舒適短褲,,
小兔衣服,07/06–07/20,,長袖睡褲 → 舒適長褲,,
小兔衣服,07/06–07/20,上衣,一般短袖,x2,
小兔衣服,07/06–07/20,上衣,快乾短袖,x2,
小兔衣服,07/06–07/20,上衣,薄長袖,x3,
小兔衣服,07/06–07/20,上衣,洋裝,x2,
小兔衣服,07/06–07/20,褲子,登山長褲,x2,
小兔衣服,07/06–07/20,褲子,其他長褲,x4,
小兔衣服,07/06–07/20,褲子,短褲,x3,
小兔衣服,保暖衣服,,長排汗衣褲,,
小兔衣服,保暖衣服,,薄發熱衣褲,,
小兔衣服,外套,,輕羽絨外套,,
小兔衣服,外套,,厚羽絨,,
小兔衣服,外套,,桃紅外層,,
小兔衣服,外套,,Mont-bell 外套,大背包,
小兔衣服,外套,,薄外套(花花),穿,
小兔衣服,配件,,鴨舌帽,,
小兔衣服,配件,,遮陽帽,,
小兔衣服,配件,,保暖帽,,
小兔衣服,配件,,脖圍,,
小兔衣服,配件,,保暖手套,,
登機大背包,換洗衣服 (與行李箱共用件數),芊芊,短袖/短褲/襪子/內褲,x1,
登機大背包,換洗衣服 (與行李箱共用件數),芊芊,輕羽絨背心,,
登機大背包,換洗衣服 (與行李箱共用件數),芊芊,花花外套,,
登機大背包,換洗衣服 (與行李箱共用件數),小可,短袖/長褲/襪子/內褲,x1,
登機大背包,換洗衣服 (與行李箱共用件數),小兔子,備用衣褲包,,
登機大背包,飛機上用品,,護唇膏,,
登機大背包,飛機上用品,,雅漾活泉水,,
登機大背包,飛機上用品,,迷你濕紙巾,,
登機大背包,飛機上用品,,洗面乳,,
登機大背包,飛機上用品,,身體乳,,
登機大背包,盥洗包 (液體先放外面),,沐浴乳,,
登機大背包,盥洗包 (液體先放外面),,洗髮精,,
登機大背包,盥洗包 (液體先放外面),,身體乳,,
登機大背包,盥洗包 (液體先放外面),,浴帽,x2,
登機大背包,盥洗包 (液體先放外面),,快乾毛巾,x2,
登機大背包,盥洗包 (液體先放外面),,快乾浴巾,x1,
登機大背包,盥洗包 (液體先放外面),,馬桶紙,x5,
登機大背包,盥洗包 (液體先放外面),,裝髒衣服袋,x2,
登機大背包,盥洗包 (液體先放外面),,小條毛巾,,
登機大背包,盥洗包 (液體先放外面),,飛機牙刷組,,
登機大背包,芊芊隨身包,,飛機枕,x2,
登機大背包,相機鏡頭類,,一機一鏡,,
衛生用品,一般,,衛生棉,,
衛生用品,一般,,衛生棉條,,
衛生用品,一般,,棉花棒,,
衛生用品,一般,,牙線,,
衛生用品,一般,,衛生紙小包,x30,
衛生用品,一般,,衛生紙大包,x2,
衛生用品,一般,,指甲剪(大人),,
衛生用品,一般,,指甲剪(兔兔),,
衛生用品,一般,,備用酒精,,
衛生用品,生活用品,,小塑膠袋,x10,
衛生用品,生活用品,,大塑膠袋,x6,
衛生用品,生活用品,,行李擴充袋,x2,
衛生用品,生活用品,,行動汽座,,
衛生用品,生活用品,,行動尿袋,x8,
衛生用品,生活用品,,雨傘,x3,
衛生用品,洗衣服,,洗衣粉(手洗),7 次份,
衛生用品,洗衣服,,洗衣球(洗衣機),6 顆,
衛生用品,洗衣服,,大人衣架,x4,
衛生用品,洗衣服,,整排晾衣夾,,
衛生用品,洗衣服,,兔兔衣架,x2,
衛生用品,洗衣服,,洗衣袋,x4,
衛生用品,生活用品-雜物,,毛巾,,
衛生用品,生活用品-雜物,,內衣襪子摺疊衣架,,
衛生用品,生活用品-雜物,,夾鏈袋,x8,
衛生用品,生活用品-雜物,,冰敷袋,,
衛生用品,生活用品-雜物,,吃飯工具,,
衛生用品,生活用品-雜物,,防蚊液,,
衛生用品,生活用品-雜物,,扇子,兩把,
衛生用品,生活用品-雜物,,購物袋,,
衛生用品,睡覺用具,,兔兔枕頭巾,,
衛生用品,睡覺用具,,兔兔小枕頭,,
衛生用品,睡覺用具,,兔兔睡覺衣,,
化妝保養品,保養,,保濕面膜,x4,
化妝保養品,保養,,兔兔身體乳,,
化妝保養品,保養,,護手霜(行李箱),,
化妝保養品,保養,,化妝水,用活泉水代替,
化妝保養品,保養,,乳液,用兔子乳液代替,
化妝保養品,防曬,,防曬 35 SPF,,
化妝保養品,防曬,,防曬乳液,,
化妝保養品,防曬,,安耐曬,,
化妝保養品,防曬,,理膚寶水防曬,,
化妝保養品,防曬,,臉部防曬,,
化妝保養品,防曬,,兔兔防曬,分裝,
化妝保養品,其他保養,,凡士林,,
化妝保養品,其他保養,,AD,,
化妝保養品,其他保養,,卸妝,,
化妝保養品,其他保養,,護髮乳/潤髮乳,,
化妝保養品,其他保養,,痘痘貼,,
化妝保養品,其他保養,,護唇膏 (防曬),,
化妝保養品,其他保養,,兔子護唇膏,,
化妝保養品,其他保養,,蜜粉,,
化妝保養品,盥洗用具,,吹風機,,
化妝保養品,盥洗用具,,牙刷,x2,
化妝保養品,盥洗用具,,大人小條牙膏,,
化妝保養品,盥洗用具,,兔兔牙刷,,
化妝保養品,盥洗用具,,兔兔漱口杯,,
化妝保養品,盥洗用具,,兔兔用一半牙膏,,
化妝保養品,盥洗用具,,小罐洗髮精沐浴乳,,
化妝保養品,盥洗用具,,兔兔洗澡分裝,,
化妝保養品,盥洗用具,,理膚寶水洗頭分裝,,
化妝保養品,盥洗用具,,洗面乳,,
Covid-19 相關藥品,一般,,快篩,x5,
Covid-19 相關藥品,一般,,清冠一號,x20 (26x17 / 25x3),
Covid-19 相關藥品,一般,,喉糖,,
Covid-19 相關藥品,一般,,血氧計,,
Covid-19 相關藥品,兔兔備藥,,希普利敏,,
Covid-19 相關藥品,兔兔備藥,,必達米瑞,,
Covid-19 相關藥品,兔兔備藥,,勝克敏,隨身,
Covid-19 相關藥品,兔兔備藥,,安佳熱,隨身,
Covid-19 相關藥品,兔兔備藥,,依普芬,,
Covid-19 相關藥品,兔兔備藥,,息咳液,藥粉取代化痰,
Covid-19 相關藥品,兔兔備藥,,安咳,,
Covid-19 相關藥品,兔兔備藥,,醫生開的備用藥,,
Covid-19 相關藥品,兔兔備藥,,止瀉藥,,
藥品,常用藥物,,甲狀腺藥,,
藥品,常用藥物,,抗憂鬱藥,,
藥品,常用藥物,,過敏藥,,
藥品,常用藥物,,安眠藥,,
藥品,常用藥物,,頭痛經痛藥,,
藥品,常用藥物,,普拿疼 IBUPROFEN,,
藥品,備用藥物,,暈車藥,,
藥品,備用藥物,,其他感冒藥物,,
藥品,備用藥物,,腸胃藥,,
藥品,備用藥物,,婦科用藥,,
藥品,備用藥物,,皮膚科用藥,,
藥品,備用藥物,,海滴人工淚液,,
藥品,備用藥物,,小可要的日本感冒藥,,
藥品,備用藥物,,日本整腸藥,,
藥品,備用藥物,,醫生開綜合感冒藥,,
藥品,備用藥物,,耳朵滴劑,,
藥品,備用藥物,,酸痛貼布,,
藥品,備用藥物,,yuskin A 乳霜,,
藥品,備用藥物,,高山症用藥,,
藥品,維他命,,維他命 B,,
藥品,維他命,,維他命 C,,
藥品,維他命,,鐵,,
藥品,維他命,,維他命 D,,
藥品,維他命,,兔兔維他命,,
藥品,維他命,,綜合維他命,,
藥品,維他命,,鎂,,
藥品,維他命,,魚油,,
藥品,急救用品,,耳溫槍,,
藥品,急救用品,,OK 繃,,
藥品,急救用品,,棉片與透氣膠帶,,
藥品,急救用品,,優點棉片,,
藥品,急救用品,,酒精棉片,,
藥品,急救用品,,止鼻血棉,,
藥品,急救用品,,蚊子止癢貼,,
重要物品,口罩/眼鏡,,口罩 (芊),,
重要物品,口罩/眼鏡,,口罩 (瑜),,
重要物品,口罩/眼鏡,,口罩 (兔),,
重要物品,口罩/眼鏡,,隱形眼鏡(芊),x4,
重要物品,口罩/眼鏡,,隱形眼鏡(瑜),x2,
重要物品,口罩/眼鏡,,備用眼鏡(芊),,
重要物品,口罩/眼鏡,,備用眼鏡(瑜),,
重要物品,記帳,,記帳夾,,
重要物品,記帳,,記帳內頁,7 天份,
重要物品,記帳,,列印的東西,,
鞋子,行李箱,,芊芊舒適鞋子,行李箱,
鞋子,行李箱,,芊芊登山鞋,行李箱,
鞋子,行李箱,,兔兔登山鞋,行李箱,
鞋子,登山用品,,大人雨衣雨褲,x2,
鞋子,登山用品,,兔子雨衣雨褲,,
鞋子,登山用品,,登山杖,兩對,
鞋子,登山用品,,暖暖包,足量,
鞋子,游泳用具,,小貝泳衣泳鏡泳帽,,
鞋子,游泳用具,,小可泳衣泳鏡泳帽,,
鞋子,游泳用具,,兔子泳衣泳鏡泳帽,,
鞋子,小兔用品,,小包濕紙巾,4 包,
鞋子,小兔用品,,太陽眼鏡,x1,
鞋子,小兔用品,,打發時間玩具,,
鞋子,小兔用品,,洗澡玩具,,
鞋子,小兔用品,,Podcast 故事下載,,
鞋子,小兔用品,,洗澡球,,
電子器材,一般,,行李秤,,
電子器材,一般,,相機記憶卡讀卡機,,
電子器材,一般,,硬碟,x2,
電子器材,充電設備,,插頭轉接分接/一對多,,
電子器材,充電設備,,Z7 充電器,,
電子器材,充電設備,,行動電源充電器,,
電子器材,充電設備,,兔兔耳機充電器,,
電子器材,充電設備,,Android 手機充電器,,
電子器材,充電設備,,iPhone 手機充電器,隨身,
電子器材,充電設備,,瑞士轉接頭,,
電子器材,充電設備,,萬國插頭,,
電子器材,充電設備,,Samsung Watch 充電器,,
電子器材,充電設備,,公司筆電電源線,,
出國前待辦,財務,,瑞士法郎,200,
出國前待辦,財務,,歐元,530,
出國前待辦,航班/保險,,線上報到,,
出國前待辦,航班/保險,,保險,,
出國前待辦,航班/保險,,清理手機空間,,
出國前待辦,設備,,找攜帶型汽車座椅,,
出國前待辦,設備,,桃園機場免稅店問飛行耳塞,,
出國前待辦,行程,,弄好行程表,,
出國前待辦,列印東西,,行程表,,
出國前待辦,列印東西,,護照,,
出國前待辦,家務,,黃于馨剪腳指甲,,
出國前待辦,家務,,黃小可幫小貝燙衣服,,
出國前待辦,家務,,床上的寶要收起來,,
出國前待辦,家務,,廚餘垃圾要丟掉,,
相機包,,,Z7,,
相機包,,,14-30,,
相機包,,,24-70,,
相機包,,,電池,x2,
相機包,,,記憶卡,x2,
相機包,,,電池 (相機裡),x1,
相機包,,,記憶卡 (相機裡),x1,
相機包,,,吹球試鏡筆,,
相機包,,,腳架,拍馬特洪峰,
相機包,,,偏光鏡,,
柏瑜 隨身包,,,相機包,,
柏瑜 隨身包,,,行程表或確認手機可連上收據,,
柏瑜 隨身包,,,小塑膠袋,x2,
柏瑜 隨身包,,,行動電源,,
柏瑜 隨身包,,,衛生紙,,
柏瑜 隨身包,,,手機充電器,,
柏瑜 隨身包,,,公司筆電,,
柏瑜 隨身包,,,酒精,60 ml,
柏瑜 隨身包,,,x100 pro,,
柏瑜 隨身包,,,兔兔耳機 (無線),,
柏瑜 隨身包,,,兔兔耳機 (有線),,
柏瑜 隨身包,,,拋棄式拖鞋,,
柏瑜 隨身包,,,耳機,,
芊芊 隨身包,,,透明夾鏈袋,,
芊芊 隨身包,盥洗包,,隨身酒精,,
芊芊 隨身包,盥洗包,,護手霜,,
芊芊 隨身包,盥洗包,,勝克敏,,
芊芊 隨身包,盥洗包,,安佳熱,,
芊芊 隨身包,隨身藥袋,,甲狀腺藥,,
芊芊 隨身包,隨身藥袋,,安眠藥,,
芊芊 隨身包,隨身藥袋,,止痛藥,,
芊芊 隨身包,隨身藥袋,,抗憂鬱藥,,
芊芊 隨身包,隨身藥袋,,止暈藥,,
芊芊 隨身包,隨身藥袋,,腸胃藥,,
芊芊 隨身包,隨身藥袋,,過敏藥,,
芊芊 隨身包,隨身藥袋,,維他命,,
芊芊 隨身包,隨身藥袋,,止血棉,,
芊芊 隨身包,隨身藥袋,,中藥,,
芊芊 隨身包,隨身藥袋,,OK 繃,,
芊芊 隨身包,隨身藥袋,,蜂蜜糖,幾顆,
芊芊 隨身包,雜物,,密封袋,xN,
芊芊 隨身包,雜物,,小塑膠袋,x3,
芊芊 隨身包,雜物,,梳子綁頭髮,,
芊芊 隨身包,雜物,,鏡子,,
芊芊 隨身包,雜物,,水&保溫瓶,,
芊芊 隨身包,雜物,,傘,→ 行李箱,
芊芊 隨身包,雜物,,皮包(信用卡證件台幣),,
芊芊 隨身包,雜物,,手錶,,
芊芊 隨身包,雜物,,手機充電器+線,,
芊芊 隨身包,雜物,,手錶充電器 (芊),,
芊芊 隨身包,雜物,,兔兔綁頭髮&梳子,,
芊芊 隨身包,雜物,,隨身洗手乳(洗手紙),,
芊芊 隨身包,雜物,,眼罩 (自己的),,
芊芊 隨身包,雜物,,耳機,,
芊芊 隨身包,雜物,,防暈手環,,
芊芊 隨身包,雜物,,CUBE,,
芊芊 隨身包,雜物,,行動電源,,
芊芊 隨身包,雜物,,筆,,
芊芊 隨身包,雜物,,小電風扇,x2,
芊芊 隨身包,雜物,,自己的寶,,
芊芊 隨身包,衛生用品,,衛生棉,,
芊芊 隨身包,衛生用品,,馬桶紙,,
芊芊 隨身包,衛生用品,,牙線棒,,
芊芊 隨身包,衛生用品,,衛生紙,,
芊芊 隨身包,衛生用品,,口罩,,
兔兔包,,,筆 (在媽媽那),,
兔兔包,,,小筆記本 (在媽媽那),,
兔兔包,,,Airtag,,
兔兔包,,,兔兔太陽眼鏡,,
兔兔包,,,兔子水壺,,
兔兔包,,,眼罩,,
兔兔包,登機箱,,小貝筆電,含滑鼠墊,
小貝腰包,,,筆,,
小貝腰包,,,小筆記本,,
小貝腰包,,,收據收納夾,1 天,
小貝腰包,,,濕紙巾,1 包,
小貝腰包,,,錢包,,
小貝腰包,,,小餅乾,,
小貝腰包,,,一個人的護照,,
小貝腰包,小可腰包,,兩個人的護照,,
小貝腰包,小可腰包,,小包濕紙巾,,
本次特殊用品,,,提款卡,,
本次特殊用品,,,行程表,,
本次特殊用品,,,2 吋照片,x2,
本次特殊用品,,,身分證影本,,
本次特殊用品,,,護照影本,,
本次特殊用品,,,小錢袋,xN,
本次特殊用品,,,購物袋,,
本次特殊用品,,,隱形腰包,x2,
本次特殊用品,,,腰包,,
本次特殊用品,,,國際駕照,x2,
本次特殊用品,,,本國駕照,x2,
本次特殊用品,,,保鮮盒 & 湯匙,,
本次特殊用品,,,自拍棒,,
本次特殊用品,,,室內拖鞋,,
本次特殊用品,,,車用手機架,,
本次特殊用品,,,馬桶紙,,
本次特殊用品,,,準備多個小錢包綁上繩子,,
